{
  "pipeline_summary": {
    "total_matrix_combinations": 6,
    "total_evaluated_pairs": 44,
    "successful_evaluations": 44,
    "high_quality_pairs": 29,
    "quality_retention_rate": 0.6590909090909091
  },
  "quality_thresholds": {
    "minimum_similarity": 0.3,
    "minimum_length_ratio": 0.5,
    "maximum_length_ratio": 2.0,
    "minimum_answer_length": 20,
    "minimum_completeness": 0.2
  },
  "matrix_performance": {
    "advanced_high_creativity_20250909": {
      "count": 2,
      "quality_scores": [
        0.9999999999999999,
        1.0000000715255737
      ],
      "avg_quality": 1.0000000357627867,
      "avg_length_ratio": 1.0,
      "avg_completeness": 1.0
    },
    "advanced_balanced_20250909": {
      "count": 3,
      "quality_scores": [
        0.9489231372636462,
        0.7463918389955748,
        0.9999999999999999
      ],
      "avg_quality": 0.8984383254197402,
      "avg_length_ratio": 1.0053606237816763,
      "avg_completeness": 0.7171893147502905
    },
    "intermediate_high_creativity_20250909": {
      "count": 8,
      "quality_scores": [
        0.7157225656509398,
        0.9122652382097746,
        0.9546306320908783,
        0.8606794595718382,
        0.9042336463928222,
        0.9704937654992808,
        0.9489818572998048,
        0.8540091359097024
      ],
      "avg_quality": 0.8901270375781303,
      "avg_length_ratio": 1.198497262177182,
      "avg_completeness": 0.7538463438735178
    },
    "basic_balanced_20250909": {
      "count": 4,
      "quality_scores": [
        0.9206041380791437,
        0.6214671627680461,
        0.9999999642372132,
        0.9385989314033872
      ],
      "avg_quality": 0.8701675491219475,
      "avg_length_ratio": 1.0547619047619048,
      "avg_completeness": 0.7494444444444445
    },
    "intermediate_balanced_20250909": {
      "count": 10,
      "quality_scores": [
        0.7295854954719543,
        0.8097077880766395,
        0.6080257862401763,
        0.861916531402632,
        0.9354722213745117,
        1.0000000715255737,
        0.9131921615054013,
        0.877859855719975,
        0.9057666669214579,
        0.9529659345036461
      ],
      "avg_quality": 0.8594492512741969,
      "avg_length_ratio": 1.0784704815980894,
      "avg_completeness": 0.6922613556635295
    },
    "basic_high_creativity_20250909": {
      "count": 2,
      "quality_scores": [
        0.9999999642372132,
        0.6697516995807027
      ],
      "avg_quality": 0.834875831908958,
      "avg_length_ratio": 1.0625,
      "avg_completeness": 0.6395348837209303
    }
  },
  "recommendations": {
    "best_matrix_combinations": [
      {
        "combination": "advanced_high_creativity_20250909",
        "avg_quality": 1.0000000357627867,
        "pair_count": 2,
        "avg_length_ratio": 1.0,
        "avg_completeness": 1.0
      },
      {
        "combination": "advanced_balanced_20250909",
        "avg_quality": 0.8984383254197402,
        "pair_count": 3,
        "avg_length_ratio": 1.0053606237816763,
        "avg_completeness": 0.7171893147502905
      },
      {
        "combination": "intermediate_high_creativity_20250909",
        "avg_quality": 0.8901270375781303,
        "pair_count": 8,
        "avg_length_ratio": 1.198497262177182,
        "avg_completeness": 0.7538463438735178
      }
    ],
    "suggested_improvements": [
      "High creativity settings performed best - consider using higher temperature for production"
    ]
  },
  "dataset_statistics": {
    "total_training_pairs": 29,
    "avg_question_length": 12.137931034482758,
    "avg_answer_length": 27.137931034482758,
    "avg_quality_score": 0.8814222662571555
  }
}