{
  "pipeline_summary": {
    "total_matrix_combinations": 7,
    "total_evaluated_pairs": 50,
    "successful_evaluations": 50,
    "high_quality_pairs": 40,
    "quality_retention_rate": 0.8
  },
  "quality_thresholds": {
    "minimum_similarity": 0.3,
    "minimum_length_ratio": 0.5,
    "maximum_length_ratio": 2.0,
    "minimum_answer_length": 20,
    "minimum_completeness": 0.2
  },
  "matrix_performance": {
    "advanced_high_creativity_20250909": {
      "count": 1,
      "quality_scores": [
        0.9999999999999999
      ],
      "avg_quality": 0.9999999999999999,
      "avg_length_ratio": 1.0,
      "avg_completeness": 1.0
    },
    "intermediate_conservative_20250911": {
      "count": 1,
      "quality_scores": [
        0.9144554124378448
      ],
      "avg_quality": 0.9144554124378448,
      "avg_length_ratio": 1.9444444444444444,
      "avg_completeness": 0.4788732394366197
    },
    "advanced_high_creativity_20250911": {
      "count": 9,
      "quality_scores": [
        0.9567532045190985,
        1.0000001430511476,
        0.9999999999999999,
        0.9742439792269751,
        0.9858992559569223,
        0.5900225250804102,
        0.8995260639697884,
        0.9999999999999999,
        0.7250645335848243
      ],
      "avg_quality": 0.9035010783765741,
      "avg_length_ratio": 1.0557162493909482,
      "avg_completeness": 0.7773597359158989
    },
    "intermediate_high_creativity_20250911": {
      "count": 18,
      "quality_scores": [
        0.8172435917184504,
        0.8980522200087426,
        0.9880868818798167,
        0.9999999999999999,
        0.9331039394334304,
        0.910619650105669,
        0.5665437237421671,
        0.9378129320390513,
        0.9999999999999999,
        0.9676056428694388,
        0.9604771134955576,
        0.9646191490002167,
        1.0000000715255737,
        0.8611361322402955,
        0.5235345789880463,
        0.9382872947759406,
        0.9281976377134358,
        0.942010009223557
      ],
      "avg_quality": 0.8965183649310773,
      "avg_length_ratio": 1.2416652978804636,
      "avg_completeness": 0.7337844701987543
    },
    "advanced_balanced_20250911": {
      "count": 11,
      "quality_scores": [
        0.9393716223725466,
        0.6670427993627696,
        0.9999999642372132,
        0.7670475574043708,
        0.5289219956767278,
        0.8666476051505684,
        0.9999999999999999,
        0.8761992787847332,
        0.9331280094927007,
        0.9999999999999999,
        0.8116339083818289
      ],
      "avg_quality": 0.8536357037148599,
      "avg_length_ratio": 1.068709392416819,
      "avg_completeness": 0.6565216653692355
    }
  },
  "recommendations": {
    "best_matrix_combinations": [
      {
        "combination": "advanced_high_creativity_20250909",
        "avg_quality": 0.9999999999999999,
        "pair_count": 1,
        "avg_length_ratio": 1.0,
        "avg_completeness": 1.0
      },
      {
        "combination": "intermediate_conservative_20250911",
        "avg_quality": 0.9144554124378448,
        "pair_count": 1,
        "avg_length_ratio": 1.9444444444444444,
        "avg_completeness": 0.4788732394366197
      },
      {
        "combination": "advanced_high_creativity_20250911",
        "avg_quality": 0.9035010783765741,
        "pair_count": 9,
        "avg_length_ratio": 1.0557162493909482,
        "avg_completeness": 0.7773597359158989
      }
    ],
    "suggested_improvements": [
      "High creativity settings performed best - consider using higher temperature for production"
    ]
  },
  "dataset_statistics": {
    "total_training_pairs": 40,
    "avg_question_length": 24.425,
    "avg_answer_length": 65.75,
    "avg_quality_score": 0.8893322106862465
  }
}